dataset,condition,graph_id,method,mode,metric,value,edges,src
lin_perfect_d20_e1,lin_perfect_d20_e1,g09,DCDI-vanilla,directed,SHD,114.0,217.0,/Users/sridharmahadevan/Downloads/tces-2/runs/synth/lin_perfect_d20_e1/g09/vanilla_val/summary.json
lin_perfect_d20_e1,lin_perfect_d20_e1,g09,DCDI-vanilla,directed,F1,0.1687763713080168,217.0,/Users/sridharmahadevan/Downloads/tces-2/runs/synth/lin_perfect_d20_e1/g09/vanilla_val/summary.json
lin_perfect_d20_e1,lin_perfect_d20_e1,g09,DCDI-vanilla,skeleton,SHD,114.0,,/Users/sridharmahadevan/Downloads/tces-2/runs/synth/lin_perfect_d20_e1/g09/vanilla_val/summary.json
lin_perfect_d20_e1,lin_perfect_d20_e1,g09,DCDI-jStable,directed,SHD,18.0,33.0,/Users/sridharmahadevan/Downloads/tces-2/runs/synth/lin_perfect_d20_e1/g09/jstable_val/summary.json
lin_perfect_d20_e1,lin_perfect_d20_e1,g09,DCDI-jStable,directed,F1,0.3773584905660377,33.0,/Users/sridharmahadevan/Downloads/tces-2/runs/synth/lin_perfect_d20_e1/g09/jstable_val/summary.json
lin_perfect_d20_e1,lin_perfect_d20_e1,g09,DCDI-jStable,skeleton,SHD,16.0,,/Users/sridharmahadevan/Downloads/tces-2/runs/synth/lin_perfect_d20_e1/g09/jstable_val/summary.json
lin_perfect_d20_e1,lin_perfect_d20_e1,g07,DCDI-vanilla,directed,SHD,95.0,170.0,/Users/sridharmahadevan/Downloads/tces-2/runs/synth/lin_perfect_d20_e1/g07/vanilla_val/summary.json
lin_perfect_d20_e1,lin_perfect_d20_e1,g07,DCDI-vanilla,directed,F1,0.2105263157894736,170.0,/Users/sridharmahadevan/Downloads/tces-2/runs/synth/lin_perfect_d20_e1/g07/vanilla_val/summary.json
lin_perfect_d20_e1,lin_perfect_d20_e1,g07,DCDI-vanilla,skeleton,SHD,95.0,,/Users/sridharmahadevan/Downloads/tces-2/runs/synth/lin_perfect_d20_e1/g07/vanilla_val/summary.json
lin_perfect_d20_e1,lin_perfect_d20_e1,g07,DCDI-jStable,directed,SHD,12.0,30.0,/Users/sridharmahadevan/Downloads/tces-2/runs/synth/lin_perfect_d20_e1/g07/jstable_val/summary.json
lin_perfect_d20_e1,lin_perfect_d20_e1,g07,DCDI-jStable,directed,F1,0.48,30.0,/Users/sridharmahadevan/Downloads/tces-2/runs/synth/lin_perfect_d20_e1/g07/jstable_val/summary.json
lin_perfect_d20_e1,lin_perfect_d20_e1,g07,DCDI-jStable,skeleton,SHD,12.0,,/Users/sridharmahadevan/Downloads/tces-2/runs/synth/lin_perfect_d20_e1/g07/jstable_val/summary.json
lin_perfect_d20_e1,lin_perfect_d20_e1,g06,DCDI-vanilla,directed,SHD,101.0,194.0,/Users/sridharmahadevan/Downloads/tces-2/runs/synth/lin_perfect_d20_e1/g06/vanilla_val/summary.json
lin_perfect_d20_e1,lin_perfect_d20_e1,g06,DCDI-vanilla,directed,F1,0.1869158878504672,194.0,/Users/sridharmahadevan/Downloads/tces-2/runs/synth/lin_perfect_d20_e1/g06/vanilla_val/summary.json
lin_perfect_d20_e1,lin_perfect_d20_e1,g06,DCDI-vanilla,skeleton,SHD,101.0,,/Users/sridharmahadevan/Downloads/tces-2/runs/synth/lin_perfect_d20_e1/g06/vanilla_val/summary.json
lin_perfect_d20_e1,lin_perfect_d20_e1,g06,DCDI-jStable,directed,SHD,15.0,28.0,/Users/sridharmahadevan/Downloads/tces-2/runs/synth/lin_perfect_d20_e1/g06/jstable_val/summary.json
lin_perfect_d20_e1,lin_perfect_d20_e1,g06,DCDI-jStable,directed,F1,0.4166666666666666,28.0,/Users/sridharmahadevan/Downloads/tces-2/runs/synth/lin_perfect_d20_e1/g06/jstable_val/summary.json
lin_perfect_d20_e1,lin_perfect_d20_e1,g06,DCDI-jStable,skeleton,SHD,13.0,,/Users/sridharmahadevan/Downloads/tces-2/runs/synth/lin_perfect_d20_e1/g06/jstable_val/summary.json
lin_perfect_d20_e1,lin_perfect_d20_e1,g01,DCDI-vanilla,directed,SHD,95.0,170.0,/Users/sridharmahadevan/Downloads/tces-2/runs/synth/lin_perfect_d20_e1/g01/vanilla_val/summary.json
lin_perfect_d20_e1,lin_perfect_d20_e1,g01,DCDI-vanilla,directed,F1,0.2105263157894736,170.0,/Users/sridharmahadevan/Downloads/tces-2/runs/synth/lin_perfect_d20_e1/g01/vanilla_val/summary.json
lin_perfect_d20_e1,lin_perfect_d20_e1,g01,DCDI-vanilla,skeleton,SHD,95.0,,/Users/sridharmahadevan/Downloads/tces-2/runs/synth/lin_perfect_d20_e1/g01/vanilla_val/summary.json
lin_perfect_d20_e1,lin_perfect_d20_e1,g01,DCDI-jStable,directed,SHD,11.0,27.0,/Users/sridharmahadevan/Downloads/tces-2/runs/synth/lin_perfect_d20_e1/g01/jstable_val/summary.json
lin_perfect_d20_e1,lin_perfect_d20_e1,g01,DCDI-jStable,directed,F1,0.5106382978723405,27.0,/Users/sridharmahadevan/Downloads/tces-2/runs/synth/lin_perfect_d20_e1/g01/jstable_val/summary.json
lin_perfect_d20_e1,lin_perfect_d20_e1,g01,DCDI-jStable,skeleton,SHD,11.0,,/Users/sridharmahadevan/Downloads/tces-2/runs/synth/lin_perfect_d20_e1/g01/jstable_val/summary.json
lin_perfect_d20_e1,lin_perfect_d20_e1,g08,DCDI-vanilla,directed,SHD,107.0,196.0,/Users/sridharmahadevan/Downloads/tces-2/runs/synth/lin_perfect_d20_e1/g08/vanilla_val/summary.json
lin_perfect_d20_e1,lin_perfect_d20_e1,g08,DCDI-vanilla,directed,F1,0.1851851851851852,196.0,/Users/sridharmahadevan/Downloads/tces-2/runs/synth/lin_perfect_d20_e1/g08/vanilla_val/summary.json
lin_perfect_d20_e1,lin_perfect_d20_e1,g08,DCDI-vanilla,skeleton,SHD,107.0,,/Users/sridharmahadevan/Downloads/tces-2/runs/synth/lin_perfect_d20_e1/g08/vanilla_val/summary.json
lin_perfect_d20_e1,lin_perfect_d20_e1,g08,DCDI-jStable,directed,SHD,17.0,28.0,/Users/sridharmahadevan/Downloads/tces-2/runs/synth/lin_perfect_d20_e1/g08/jstable_val/summary.json
lin_perfect_d20_e1,lin_perfect_d20_e1,g08,DCDI-jStable,directed,F1,0.375,28.0,/Users/sridharmahadevan/Downloads/tces-2/runs/synth/lin_perfect_d20_e1/g08/jstable_val/summary.json
lin_perfect_d20_e1,lin_perfect_d20_e1,g08,DCDI-jStable,skeleton,SHD,16.0,,/Users/sridharmahadevan/Downloads/tces-2/runs/synth/lin_perfect_d20_e1/g08/jstable_val/summary.json
lin_perfect_d20_e1,lin_perfect_d20_e1,g04,DCDI-vanilla,directed,SHD,98.0,184.0,/Users/sridharmahadevan/Downloads/tces-2/runs/synth/lin_perfect_d20_e1/g04/vanilla_val/summary.json
lin_perfect_d20_e1,lin_perfect_d20_e1,g04,DCDI-vanilla,directed,F1,0.196078431372549,184.0,/Users/sridharmahadevan/Downloads/tces-2/runs/synth/lin_perfect_d20_e1/g04/vanilla_val/summary.json
lin_perfect_d20_e1,lin_perfect_d20_e1,g04,DCDI-vanilla,skeleton,SHD,98.0,,/Users/sridharmahadevan/Downloads/tces-2/runs/synth/lin_perfect_d20_e1/g04/vanilla_val/summary.json
lin_perfect_d20_e1,lin_perfect_d20_e1,g04,DCDI-jStable,directed,SHD,15.0,30.0,/Users/sridharmahadevan/Downloads/tces-2/runs/synth/lin_perfect_d20_e1/g04/jstable_val/summary.json
lin_perfect_d20_e1,lin_perfect_d20_e1,g04,DCDI-jStable,directed,F1,0.4399999999999999,30.0,/Users/sridharmahadevan/Downloads/tces-2/runs/synth/lin_perfect_d20_e1/g04/jstable_val/summary.json
lin_perfect_d20_e1,lin_perfect_d20_e1,g04,DCDI-jStable,skeleton,SHD,14.0,,/Users/sridharmahadevan/Downloads/tces-2/runs/synth/lin_perfect_d20_e1/g04/jstable_val/summary.json
lin_perfect_d20_e1,lin_perfect_d20_e1,g03,DCDI-vanilla,directed,SHD,82.0,142.0,/Users/sridharmahadevan/Downloads/tces-2/runs/synth/lin_perfect_d20_e1/g03/vanilla_val/summary.json
lin_perfect_d20_e1,lin_perfect_d20_e1,g03,DCDI-vanilla,directed,F1,0.2469135802469136,142.0,/Users/sridharmahadevan/Downloads/tces-2/runs/synth/lin_perfect_d20_e1/g03/vanilla_val/summary.json
lin_perfect_d20_e1,lin_perfect_d20_e1,g03,DCDI-vanilla,skeleton,SHD,82.0,,/Users/sridharmahadevan/Downloads/tces-2/runs/synth/lin_perfect_d20_e1/g03/vanilla_val/summary.json
lin_perfect_d20_e1,lin_perfect_d20_e1,g03,DCDI-jStable,directed,SHD,12.0,28.0,/Users/sridharmahadevan/Downloads/tces-2/runs/synth/lin_perfect_d20_e1/g03/jstable_val/summary.json
lin_perfect_d20_e1,lin_perfect_d20_e1,g03,DCDI-jStable,directed,F1,0.5,28.0,/Users/sridharmahadevan/Downloads/tces-2/runs/synth/lin_perfect_d20_e1/g03/jstable_val/summary.json
lin_perfect_d20_e1,lin_perfect_d20_e1,g03,DCDI-jStable,skeleton,SHD,11.0,,/Users/sridharmahadevan/Downloads/tces-2/runs/synth/lin_perfect_d20_e1/g03/jstable_val/summary.json
lin_perfect_d20_e1,lin_perfect_d20_e1,g02,DCDI-vanilla,directed,SHD,100.0,179.0,/Users/sridharmahadevan/Downloads/tces-2/runs/synth/lin_perfect_d20_e1/g02/vanilla_val/summary.json
lin_perfect_d20_e1,lin_perfect_d20_e1,g02,DCDI-vanilla,directed,F1,0.1909547738693467,179.0,/Users/sridharmahadevan/Downloads/tces-2/runs/synth/lin_perfect_d20_e1/g02/vanilla_val/summary.json
lin_perfect_d20_e1,lin_perfect_d20_e1,g02,DCDI-vanilla,skeleton,SHD,100.0,,/Users/sridharmahadevan/Downloads/tces-2/runs/synth/lin_perfect_d20_e1/g02/vanilla_val/summary.json
lin_perfect_d20_e1,lin_perfect_d20_e1,g02,DCDI-jStable,directed,SHD,11.0,29.0,/Users/sridharmahadevan/Downloads/tces-2/runs/synth/lin_perfect_d20_e1/g02/jstable_val/summary.json
lin_perfect_d20_e1,lin_perfect_d20_e1,g02,DCDI-jStable,directed,F1,0.4897959183673469,29.0,/Users/sridharmahadevan/Downloads/tces-2/runs/synth/lin_perfect_d20_e1/g02/jstable_val/summary.json
lin_perfect_d20_e1,lin_perfect_d20_e1,g02,DCDI-jStable,skeleton,SHD,9.0,,/Users/sridharmahadevan/Downloads/tces-2/runs/synth/lin_perfect_d20_e1/g02/jstable_val/summary.json
lin_perfect_d20_e1,lin_perfect_d20_e1,g05,DCDI-vanilla,directed,SHD,103.0,191.0,/Users/sridharmahadevan/Downloads/tces-2/runs/synth/lin_perfect_d20_e1/g05/vanilla_val/summary.json
lin_perfect_d20_e1,lin_perfect_d20_e1,g05,DCDI-vanilla,directed,F1,0.1895734597156398,191.0,/Users/sridharmahadevan/Downloads/tces-2/runs/synth/lin_perfect_d20_e1/g05/vanilla_val/summary.json
lin_perfect_d20_e1,lin_perfect_d20_e1,g05,DCDI-vanilla,skeleton,SHD,103.0,,/Users/sridharmahadevan/Downloads/tces-2/runs/synth/lin_perfect_d20_e1/g05/vanilla_val/summary.json
lin_perfect_d20_e1,lin_perfect_d20_e1,g05,DCDI-jStable,directed,SHD,18.0,28.0,/Users/sridharmahadevan/Downloads/tces-2/runs/synth/lin_perfect_d20_e1/g05/jstable_val/summary.json
lin_perfect_d20_e1,lin_perfect_d20_e1,g05,DCDI-jStable,directed,F1,0.375,28.0,/Users/sridharmahadevan/Downloads/tces-2/runs/synth/lin_perfect_d20_e1/g05/jstable_val/summary.json
lin_perfect_d20_e1,lin_perfect_d20_e1,g05,DCDI-jStable,skeleton,SHD,18.0,,/Users/sridharmahadevan/Downloads/tces-2/runs/synth/lin_perfect_d20_e1/g05/jstable_val/summary.json
lin_perfect_d20_e1,lin_perfect_d20_e1,g10,DCDI-vanilla,directed,SHD,102.0,187.0,/Users/sridharmahadevan/Downloads/tces-2/runs/synth/lin_perfect_d20_e1/g10/vanilla_val/summary.json
lin_perfect_d20_e1,lin_perfect_d20_e1,g10,DCDI-vanilla,directed,F1,0.1932367149758454,187.0,/Users/sridharmahadevan/Downloads/tces-2/runs/synth/lin_perfect_d20_e1/g10/vanilla_val/summary.json
lin_perfect_d20_e1,lin_perfect_d20_e1,g10,DCDI-vanilla,skeleton,SHD,102.0,,/Users/sridharmahadevan/Downloads/tces-2/runs/synth/lin_perfect_d20_e1/g10/vanilla_val/summary.json
lin_perfect_d20_e1,lin_perfect_d20_e1,g10,DCDI-jStable,directed,SHD,11.0,30.0,/Users/sridharmahadevan/Downloads/tces-2/runs/synth/lin_perfect_d20_e1/g10/jstable_val/summary.json
lin_perfect_d20_e1,lin_perfect_d20_e1,g10,DCDI-jStable,directed,F1,0.5199999999999999,30.0,/Users/sridharmahadevan/Downloads/tces-2/runs/synth/lin_perfect_d20_e1/g10/jstable_val/summary.json
lin_perfect_d20_e1,lin_perfect_d20_e1,g10,DCDI-jStable,skeleton,SHD,10.0,,/Users/sridharmahadevan/Downloads/tces-2/runs/synth/lin_perfect_d20_e1/g10/jstable_val/summary.json
lin_perfect_d10_e1,lin_perfect_d10_e1,g09,DCDI-vanilla,directed,SHD,22.0,50.0,/Users/sridharmahadevan/Downloads/tces-2/runs/synth/lin_perfect_d10_e1/g09/vanilla_val/summary.json
lin_perfect_d10_e1,lin_perfect_d10_e1,g09,DCDI-vanilla,directed,F1,0.3333333333333333,50.0,/Users/sridharmahadevan/Downloads/tces-2/runs/synth/lin_perfect_d10_e1/g09/vanilla_val/summary.json
lin_perfect_d10_e1,lin_perfect_d10_e1,g09,DCDI-vanilla,skeleton,SHD,22.0,,/Users/sridharmahadevan/Downloads/tces-2/runs/synth/lin_perfect_d10_e1/g09/vanilla_val/summary.json
lin_perfect_d10_e1,lin_perfect_d10_e1,g09,DCDI-jStable,directed,SHD,6.0,14.0,/Users/sridharmahadevan/Downloads/tces-2/runs/synth/lin_perfect_d10_e1/g09/jstable_val/summary.json
lin_perfect_d10_e1,lin_perfect_d10_e1,g09,DCDI-jStable,directed,F1,0.5,14.0,/Users/sridharmahadevan/Downloads/tces-2/runs/synth/lin_perfect_d10_e1/g09/jstable_val/summary.json
lin_perfect_d10_e1,lin_perfect_d10_e1,g09,DCDI-jStable,skeleton,SHD,6.0,,/Users/sridharmahadevan/Downloads/tces-2/runs/synth/lin_perfect_d10_e1/g09/jstable_val/summary.json
lin_perfect_d10_e1,lin_perfect_d10_e1,g07,DCDI-vanilla,directed,SHD,22.0,50.0,/Users/sridharmahadevan/Downloads/tces-2/runs/synth/lin_perfect_d10_e1/g07/vanilla_val/summary.json
lin_perfect_d10_e1,lin_perfect_d10_e1,g07,DCDI-vanilla,directed,F1,0.3333333333333333,50.0,/Users/sridharmahadevan/Downloads/tces-2/runs/synth/lin_perfect_d10_e1/g07/vanilla_val/summary.json
lin_perfect_d10_e1,lin_perfect_d10_e1,g07,DCDI-vanilla,skeleton,SHD,22.0,,/Users/sridharmahadevan/Downloads/tces-2/runs/synth/lin_perfect_d10_e1/g07/vanilla_val/summary.json
lin_perfect_d10_e1,lin_perfect_d10_e1,g07,DCDI-jStable,directed,SHD,6.0,11.0,/Users/sridharmahadevan/Downloads/tces-2/runs/synth/lin_perfect_d10_e1/g07/jstable_val/summary.json
lin_perfect_d10_e1,lin_perfect_d10_e1,g07,DCDI-jStable,directed,F1,0.4761904761904761,11.0,/Users/sridharmahadevan/Downloads/tces-2/runs/synth/lin_perfect_d10_e1/g07/jstable_val/summary.json
lin_perfect_d10_e1,lin_perfect_d10_e1,g07,DCDI-jStable,skeleton,SHD,6.0,,/Users/sridharmahadevan/Downloads/tces-2/runs/synth/lin_perfect_d10_e1/g07/jstable_val/summary.json
lin_perfect_d10_e1,lin_perfect_d10_e1,g06,DCDI-vanilla,directed,SHD,23.0,56.0,/Users/sridharmahadevan/Downloads/tces-2/runs/synth/lin_perfect_d10_e1/g06/vanilla_val/summary.json
lin_perfect_d10_e1,lin_perfect_d10_e1,g06,DCDI-vanilla,directed,F1,0.303030303030303,56.0,/Users/sridharmahadevan/Downloads/tces-2/runs/synth/lin_perfect_d10_e1/g06/vanilla_val/summary.json
lin_perfect_d10_e1,lin_perfect_d10_e1,g06,DCDI-vanilla,skeleton,SHD,23.0,,/Users/sridharmahadevan/Downloads/tces-2/runs/synth/lin_perfect_d10_e1/g06/vanilla_val/summary.json
lin_perfect_d10_e1,lin_perfect_d10_e1,g06,DCDI-jStable,directed,SHD,8.0,13.0,/Users/sridharmahadevan/Downloads/tces-2/runs/synth/lin_perfect_d10_e1/g06/jstable_val/summary.json
lin_perfect_d10_e1,lin_perfect_d10_e1,g06,DCDI-jStable,directed,F1,0.4347826086956522,13.0,/Users/sridharmahadevan/Downloads/tces-2/runs/synth/lin_perfect_d10_e1/g06/jstable_val/summary.json
lin_perfect_d10_e1,lin_perfect_d10_e1,g06,DCDI-jStable,skeleton,SHD,8.0,,/Users/sridharmahadevan/Downloads/tces-2/runs/synth/lin_perfect_d10_e1/g06/jstable_val/summary.json
lin_perfect_d10_e1,lin_perfect_d10_e1,g01,DCDI-vanilla,directed,SHD,25.0,60.0,/Users/sridharmahadevan/Downloads/tces-2/runs/synth/lin_perfect_d10_e1/g01/vanilla_val/summary.json
lin_perfect_d10_e1,lin_perfect_d10_e1,g01,DCDI-vanilla,directed,F1,0.2571428571428572,60.0,/Users/sridharmahadevan/Downloads/tces-2/runs/synth/lin_perfect_d10_e1/g01/vanilla_val/summary.json
lin_perfect_d10_e1,lin_perfect_d10_e1,g01,DCDI-vanilla,skeleton,SHD,25.0,,/Users/sridharmahadevan/Downloads/tces-2/runs/synth/lin_perfect_d10_e1/g01/vanilla_val/summary.json
lin_perfect_d10_e1,lin_perfect_d10_e1,g01,DCDI-jStable,directed,SHD,5.0,14.0,/Users/sridharmahadevan/Downloads/tces-2/runs/synth/lin_perfect_d10_e1/g01/jstable_val/summary.json
lin_perfect_d10_e1,lin_perfect_d10_e1,g01,DCDI-jStable,directed,F1,0.5,14.0,/Users/sridharmahadevan/Downloads/tces-2/runs/synth/lin_perfect_d10_e1/g01/jstable_val/summary.json
lin_perfect_d10_e1,lin_perfect_d10_e1,g01,DCDI-jStable,skeleton,SHD,4.0,,/Users/sridharmahadevan/Downloads/tces-2/runs/synth/lin_perfect_d10_e1/g01/jstable_val/summary.json
lin_perfect_d10_e1,lin_perfect_d10_e1,g08,DCDI-vanilla,directed,SHD,30.0,71.0,/Users/sridharmahadevan/Downloads/tces-2/runs/synth/lin_perfect_d10_e1/g08/vanilla_val/summary.json
lin_perfect_d10_e1,lin_perfect_d10_e1,g08,DCDI-vanilla,directed,F1,0.2469135802469136,71.0,/Users/sridharmahadevan/Downloads/tces-2/runs/synth/lin_perfect_d10_e1/g08/vanilla_val/summary.json
lin_perfect_d10_e1,lin_perfect_d10_e1,g08,DCDI-vanilla,skeleton,SHD,30.0,,/Users/sridharmahadevan/Downloads/tces-2/runs/synth/lin_perfect_d10_e1/g08/vanilla_val/summary.json
lin_perfect_d10_e1,lin_perfect_d10_e1,g08,DCDI-jStable,directed,SHD,4.0,15.0,/Users/sridharmahadevan/Downloads/tces-2/runs/synth/lin_perfect_d10_e1/g08/jstable_val/summary.json
lin_perfect_d10_e1,lin_perfect_d10_e1,g08,DCDI-jStable,directed,F1,0.56,15.0,/Users/sridharmahadevan/Downloads/tces-2/runs/synth/lin_perfect_d10_e1/g08/jstable_val/summary.json
lin_perfect_d10_e1,lin_perfect_d10_e1,g08,DCDI-jStable,skeleton,SHD,4.0,,/Users/sridharmahadevan/Downloads/tces-2/runs/synth/lin_perfect_d10_e1/g08/jstable_val/summary.json
lin_perfect_d10_e1,lin_perfect_d10_e1,g04,DCDI-vanilla,directed,SHD,15.0,47.0,/Users/sridharmahadevan/Downloads/tces-2/runs/synth/lin_perfect_d10_e1/g04/vanilla_val/summary.json
lin_perfect_d10_e1,lin_perfect_d10_e1,g04,DCDI-vanilla,directed,F1,0.3508771929824561,47.0,/Users/sridharmahadevan/Downloads/tces-2/runs/synth/lin_perfect_d10_e1/g04/vanilla_val/summary.json
lin_perfect_d10_e1,lin_perfect_d10_e1,g04,DCDI-vanilla,skeleton,SHD,15.0,,/Users/sridharmahadevan/Downloads/tces-2/runs/synth/lin_perfect_d10_e1/g04/vanilla_val/summary.json
lin_perfect_d10_e1,lin_perfect_d10_e1,g04,DCDI-jStable,directed,SHD,6.0,18.0,/Users/sridharmahadevan/Downloads/tces-2/runs/synth/lin_perfect_d10_e1/g04/jstable_val/summary.json
lin_perfect_d10_e1,lin_perfect_d10_e1,g04,DCDI-jStable,directed,F1,0.5,18.0,/Users/sridharmahadevan/Downloads/tces-2/runs/synth/lin_perfect_d10_e1/g04/jstable_val/summary.json
lin_perfect_d10_e1,lin_perfect_d10_e1,g04,DCDI-jStable,skeleton,SHD,6.0,,/Users/sridharmahadevan/Downloads/tces-2/runs/synth/lin_perfect_d10_e1/g04/jstable_val/summary.json
lin_perfect_d10_e1,lin_perfect_d10_e1,g03,DCDI-vanilla,directed,SHD,27.0,59.0,/Users/sridharmahadevan/Downloads/tces-2/runs/synth/lin_perfect_d10_e1/g03/vanilla_val/summary.json
lin_perfect_d10_e1,lin_perfect_d10_e1,g03,DCDI-vanilla,directed,F1,0.2898550724637681,59.0,/Users/sridharmahadevan/Downloads/tces-2/runs/synth/lin_perfect_d10_e1/g03/vanilla_val/summary.json
lin_perfect_d10_e1,lin_perfect_d10_e1,g03,DCDI-vanilla,skeleton,SHD,27.0,,/Users/sridharmahadevan/Downloads/tces-2/runs/synth/lin_perfect_d10_e1/g03/vanilla_val/summary.json
lin_perfect_d10_e1,lin_perfect_d10_e1,g03,DCDI-jStable,directed,SHD,7.0,14.0,/Users/sridharmahadevan/Downloads/tces-2/runs/synth/lin_perfect_d10_e1/g03/jstable_val/summary.json
lin_perfect_d10_e1,lin_perfect_d10_e1,g03,DCDI-jStable,directed,F1,0.4166666666666666,14.0,/Users/sridharmahadevan/Downloads/tces-2/runs/synth/lin_perfect_d10_e1/g03/jstable_val/summary.json
lin_perfect_d10_e1,lin_perfect_d10_e1,g03,DCDI-jStable,skeleton,SHD,7.0,,/Users/sridharmahadevan/Downloads/tces-2/runs/synth/lin_perfect_d10_e1/g03/jstable_val/summary.json
lin_perfect_d10_e1,lin_perfect_d10_e1,g02,DCDI-vanilla,directed,SHD,19.0,45.0,/Users/sridharmahadevan/Downloads/tces-2/runs/synth/lin_perfect_d10_e1/g02/vanilla_val/summary.json
lin_perfect_d10_e1,lin_perfect_d10_e1,g02,DCDI-vanilla,directed,F1,0.3636363636363636,45.0,/Users/sridharmahadevan/Downloads/tces-2/runs/synth/lin_perfect_d10_e1/g02/vanilla_val/summary.json
lin_perfect_d10_e1,lin_perfect_d10_e1,g02,DCDI-vanilla,skeleton,SHD,19.0,,/Users/sridharmahadevan/Downloads/tces-2/runs/synth/lin_perfect_d10_e1/g02/vanilla_val/summary.json
lin_perfect_d10_e1,lin_perfect_d10_e1,g02,DCDI-jStable,directed,SHD,3.0,12.0,/Users/sridharmahadevan/Downloads/tces-2/runs/synth/lin_perfect_d10_e1/g02/jstable_val/summary.json
lin_perfect_d10_e1,lin_perfect_d10_e1,g02,DCDI-jStable,directed,F1,0.6363636363636365,12.0,/Users/sridharmahadevan/Downloads/tces-2/runs/synth/lin_perfect_d10_e1/g02/jstable_val/summary.json
lin_perfect_d10_e1,lin_perfect_d10_e1,g02,DCDI-jStable,skeleton,SHD,3.0,,/Users/sridharmahadevan/Downloads/tces-2/runs/synth/lin_perfect_d10_e1/g02/jstable_val/summary.json
lin_perfect_d10_e1,lin_perfect_d10_e1,g05,DCDI-vanilla,directed,SHD,18.0,47.0,/Users/sridharmahadevan/Downloads/tces-2/runs/synth/lin_perfect_d10_e1/g05/vanilla_val/summary.json
lin_perfect_d10_e1,lin_perfect_d10_e1,g05,DCDI-vanilla,directed,F1,0.3508771929824561,47.0,/Users/sridharmahadevan/Downloads/tces-2/runs/synth/lin_perfect_d10_e1/g05/vanilla_val/summary.json
lin_perfect_d10_e1,lin_perfect_d10_e1,g05,DCDI-vanilla,skeleton,SHD,18.0,,/Users/sridharmahadevan/Downloads/tces-2/runs/synth/lin_perfect_d10_e1/g05/vanilla_val/summary.json
lin_perfect_d10_e1,lin_perfect_d10_e1,g05,DCDI-jStable,directed,SHD,7.0,16.0,/Users/sridharmahadevan/Downloads/tces-2/runs/synth/lin_perfect_d10_e1/g05/jstable_val/summary.json
lin_perfect_d10_e1,lin_perfect_d10_e1,g05,DCDI-jStable,directed,F1,0.4615384615384615,16.0,/Users/sridharmahadevan/Downloads/tces-2/runs/synth/lin_perfect_d10_e1/g05/jstable_val/summary.json
lin_perfect_d10_e1,lin_perfect_d10_e1,g05,DCDI-jStable,skeleton,SHD,7.0,,/Users/sridharmahadevan/Downloads/tces-2/runs/synth/lin_perfect_d10_e1/g05/jstable_val/summary.json
lin_perfect_d10_e1,lin_perfect_d10_e1,g10,DCDI-vanilla,directed,SHD,28.0,70.0,/Users/sridharmahadevan/Downloads/tces-2/runs/synth/lin_perfect_d10_e1/g10/vanilla_val/summary.json
lin_perfect_d10_e1,lin_perfect_d10_e1,g10,DCDI-vanilla,directed,F1,0.25,70.0,/Users/sridharmahadevan/Downloads/tces-2/runs/synth/lin_perfect_d10_e1/g10/vanilla_val/summary.json
lin_perfect_d10_e1,lin_perfect_d10_e1,g10,DCDI-vanilla,skeleton,SHD,28.0,,/Users/sridharmahadevan/Downloads/tces-2/runs/synth/lin_perfect_d10_e1/g10/vanilla_val/summary.json
lin_perfect_d10_e1,lin_perfect_d10_e1,g10,DCDI-jStable,directed,SHD,7.0,18.0,/Users/sridharmahadevan/Downloads/tces-2/runs/synth/lin_perfect_d10_e1/g10/jstable_val/summary.json
lin_perfect_d10_e1,lin_perfect_d10_e1,g10,DCDI-jStable,directed,F1,0.5,18.0,/Users/sridharmahadevan/Downloads/tces-2/runs/synth/lin_perfect_d10_e1/g10/jstable_val/summary.json
lin_perfect_d10_e1,lin_perfect_d10_e1,g10,DCDI-jStable,skeleton,SHD,7.0,,/Users/sridharmahadevan/Downloads/tces-2/runs/synth/lin_perfect_d10_e1/g10/jstable_val/summary.json
lin_perfect_d20_e4,lin_perfect_d20_e4,g09,DCDI-vanilla,directed,SHD,106.0,315.0,/Users/sridharmahadevan/Downloads/tces-2/runs/synth/lin_perfect_d20_e4/g09/vanilla_val/summary.json
lin_perfect_d20_e4,lin_perfect_d20_e4,g09,DCDI-vanilla,directed,F1,0.3594936708860759,315.0,/Users/sridharmahadevan/Downloads/tces-2/runs/synth/lin_perfect_d20_e4/g09/vanilla_val/summary.json
lin_perfect_d20_e4,lin_perfect_d20_e4,g09,DCDI-vanilla,skeleton,SHD,101.0,,/Users/sridharmahadevan/Downloads/tces-2/runs/synth/lin_perfect_d20_e4/g09/vanilla_val/summary.json
lin_perfect_d20_e4,lin_perfect_d20_e4,g09,DCDI-jStable,directed,SHD,73.0,113.0,/Users/sridharmahadevan/Downloads/tces-2/runs/synth/lin_perfect_d20_e4/g09/jstable_val/summary.json
lin_perfect_d20_e4,lin_perfect_d20_e4,g09,DCDI-jStable,directed,F1,0.3523316062176166,113.0,/Users/sridharmahadevan/Downloads/tces-2/runs/synth/lin_perfect_d20_e4/g09/jstable_val/summary.json
lin_perfect_d20_e4,lin_perfect_d20_e4,g09,DCDI-jStable,skeleton,SHD,69.0,,/Users/sridharmahadevan/Downloads/tces-2/runs/synth/lin_perfect_d20_e4/g09/jstable_val/summary.json
lin_perfect_d20_e4,lin_perfect_d20_e4,g07,DCDI-vanilla,directed,SHD,107.0,327.0,/Users/sridharmahadevan/Downloads/tces-2/runs/synth/lin_perfect_d20_e4/g07/vanilla_val/summary.json
lin_perfect_d20_e4,lin_perfect_d20_e4,g07,DCDI-vanilla,directed,F1,0.3587223587223587,327.0,/Users/sridharmahadevan/Downloads/tces-2/runs/synth/lin_perfect_d20_e4/g07/vanilla_val/summary.json
lin_perfect_d20_e4,lin_perfect_d20_e4,g07,DCDI-vanilla,skeleton,SHD,102.0,,/Users/sridharmahadevan/Downloads/tces-2/runs/synth/lin_perfect_d20_e4/g07/vanilla_val/summary.json
lin_perfect_d20_e4,lin_perfect_d20_e4,g07,DCDI-jStable,directed,SHD,74.0,123.0,/Users/sridharmahadevan/Downloads/tces-2/runs/synth/lin_perfect_d20_e4/g07/jstable_val/summary.json
lin_perfect_d20_e4,lin_perfect_d20_e4,g07,DCDI-jStable,directed,F1,0.3448275862068965,123.0,/Users/sridharmahadevan/Downloads/tces-2/runs/synth/lin_perfect_d20_e4/g07/jstable_val/summary.json
lin_perfect_d20_e4,lin_perfect_d20_e4,g07,DCDI-jStable,skeleton,SHD,71.0,,/Users/sridharmahadevan/Downloads/tces-2/runs/synth/lin_perfect_d20_e4/g07/jstable_val/summary.json
lin_perfect_d20_e4,lin_perfect_d20_e4,g06,DCDI-vanilla,directed,SHD,111.0,314.0,/Users/sridharmahadevan/Downloads/tces-2/runs/synth/lin_perfect_d20_e4/g06/vanilla_val/summary.json
lin_perfect_d20_e4,lin_perfect_d20_e4,g06,DCDI-vanilla,directed,F1,0.3401015228426396,314.0,/Users/sridharmahadevan/Downloads/tces-2/runs/synth/lin_perfect_d20_e4/g06/vanilla_val/summary.json
lin_perfect_d20_e4,lin_perfect_d20_e4,g06,DCDI-vanilla,skeleton,SHD,103.0,,/Users/sridharmahadevan/Downloads/tces-2/runs/synth/lin_perfect_d20_e4/g06/vanilla_val/summary.json
lin_perfect_d20_e4,lin_perfect_d20_e4,g06,DCDI-jStable,directed,SHD,83.0,118.0,/Users/sridharmahadevan/Downloads/tces-2/runs/synth/lin_perfect_d20_e4/g06/jstable_val/summary.json
lin_perfect_d20_e4,lin_perfect_d20_e4,g06,DCDI-jStable,directed,F1,0.2929292929292929,118.0,/Users/sridharmahadevan/Downloads/tces-2/runs/synth/lin_perfect_d20_e4/g06/jstable_val/summary.json
lin_perfect_d20_e4,lin_perfect_d20_e4,g06,DCDI-jStable,skeleton,SHD,79.0,,/Users/sridharmahadevan/Downloads/tces-2/runs/synth/lin_perfect_d20_e4/g06/jstable_val/summary.json
lin_perfect_d20_e4,lin_perfect_d20_e4,g01,DCDI-vanilla,directed,SHD,100.0,319.0,/Users/sridharmahadevan/Downloads/tces-2/runs/synth/lin_perfect_d20_e4/g01/vanilla_val/summary.json
lin_perfect_d20_e4,lin_perfect_d20_e4,g01,DCDI-vanilla,directed,F1,0.3859649122807018,319.0,/Users/sridharmahadevan/Downloads/tces-2/runs/synth/lin_perfect_d20_e4/g01/vanilla_val/summary.json
lin_perfect_d20_e4,lin_perfect_d20_e4,g01,DCDI-vanilla,skeleton,SHD,100.0,,/Users/sridharmahadevan/Downloads/tces-2/runs/synth/lin_perfect_d20_e4/g01/vanilla_val/summary.json
lin_perfect_d20_e4,lin_perfect_d20_e4,g01,DCDI-jStable,directed,SHD,72.0,119.0,/Users/sridharmahadevan/Downloads/tces-2/runs/synth/lin_perfect_d20_e4/g01/jstable_val/summary.json
lin_perfect_d20_e4,lin_perfect_d20_e4,g01,DCDI-jStable,directed,F1,0.3417085427135678,119.0,/Users/sridharmahadevan/Downloads/tces-2/runs/synth/lin_perfect_d20_e4/g01/jstable_val/summary.json
lin_perfect_d20_e4,lin_perfect_d20_e4,g01,DCDI-jStable,skeleton,SHD,62.0,,/Users/sridharmahadevan/Downloads/tces-2/runs/synth/lin_perfect_d20_e4/g01/jstable_val/summary.json
lin_perfect_d20_e4,lin_perfect_d20_e4,g08,DCDI-vanilla,directed,SHD,106.0,333.0,/Users/sridharmahadevan/Downloads/tces-2/runs/synth/lin_perfect_d20_e4/g08/vanilla_val/summary.json
lin_perfect_d20_e4,lin_perfect_d20_e4,g08,DCDI-vanilla,directed,F1,0.3631961259079903,333.0,/Users/sridharmahadevan/Downloads/tces-2/runs/synth/lin_perfect_d20_e4/g08/vanilla_val/summary.json
lin_perfect_d20_e4,lin_perfect_d20_e4,g08,DCDI-vanilla,skeleton,SHD,102.0,,/Users/sridharmahadevan/Downloads/tces-2/runs/synth/lin_perfect_d20_e4/g08/vanilla_val/summary.json
lin_perfect_d20_e4,lin_perfect_d20_e4,g08,DCDI-jStable,directed,SHD,74.0,119.0,/Users/sridharmahadevan/Downloads/tces-2/runs/synth/lin_perfect_d20_e4/g08/jstable_val/summary.json
lin_perfect_d20_e4,lin_perfect_d20_e4,g08,DCDI-jStable,directed,F1,0.3618090452261306,119.0,/Users/sridharmahadevan/Downloads/tces-2/runs/synth/lin_perfect_d20_e4/g08/jstable_val/summary.json
lin_perfect_d20_e4,lin_perfect_d20_e4,g08,DCDI-jStable,skeleton,SHD,72.0,,/Users/sridharmahadevan/Downloads/tces-2/runs/synth/lin_perfect_d20_e4/g08/jstable_val/summary.json
lin_perfect_d20_e4,lin_perfect_d20_e4,g04,DCDI-vanilla,directed,SHD,101.0,322.0,/Users/sridharmahadevan/Downloads/tces-2/runs/synth/lin_perfect_d20_e4/g04/vanilla_val/summary.json
lin_perfect_d20_e4,lin_perfect_d20_e4,g04,DCDI-vanilla,directed,F1,0.3681592039800995,322.0,/Users/sridharmahadevan/Downloads/tces-2/runs/synth/lin_perfect_d20_e4/g04/vanilla_val/summary.json
lin_perfect_d20_e4,lin_perfect_d20_e4,g04,DCDI-vanilla,skeleton,SHD,99.0,,/Users/sridharmahadevan/Downloads/tces-2/runs/synth/lin_perfect_d20_e4/g04/vanilla_val/summary.json
lin_perfect_d20_e4,lin_perfect_d20_e4,g04,DCDI-jStable,directed,SHD,78.0,118.0,/Users/sridharmahadevan/Downloads/tces-2/runs/synth/lin_perfect_d20_e4/g04/jstable_val/summary.json
lin_perfect_d20_e4,lin_perfect_d20_e4,g04,DCDI-jStable,directed,F1,0.3333333333333332,118.0,/Users/sridharmahadevan/Downloads/tces-2/runs/synth/lin_perfect_d20_e4/g04/jstable_val/summary.json
lin_perfect_d20_e4,lin_perfect_d20_e4,g04,DCDI-jStable,skeleton,SHD,73.0,,/Users/sridharmahadevan/Downloads/tces-2/runs/synth/lin_perfect_d20_e4/g04/jstable_val/summary.json
lin_perfect_d20_e4,lin_perfect_d20_e4,g03,DCDI-vanilla,directed,SHD,112.0,302.0,/Users/sridharmahadevan/Downloads/tces-2/runs/synth/lin_perfect_d20_e4/g03/vanilla_val/summary.json
lin_perfect_d20_e4,lin_perfect_d20_e4,g03,DCDI-vanilla,directed,F1,0.3507853403141361,302.0,/Users/sridharmahadevan/Downloads/tces-2/runs/synth/lin_perfect_d20_e4/g03/vanilla_val/summary.json
lin_perfect_d20_e4,lin_perfect_d20_e4,g03,DCDI-vanilla,skeleton,SHD,105.0,,/Users/sridharmahadevan/Downloads/tces-2/runs/synth/lin_perfect_d20_e4/g03/vanilla_val/summary.json
lin_perfect_d20_e4,lin_perfect_d20_e4,g03,DCDI-jStable,directed,SHD,87.0,141.0,/Users/sridharmahadevan/Downloads/tces-2/runs/synth/lin_perfect_d20_e4/g03/jstable_val/summary.json
lin_perfect_d20_e4,lin_perfect_d20_e4,g03,DCDI-jStable,directed,F1,0.3257918552036199,141.0,/Users/sridharmahadevan/Downloads/tces-2/runs/synth/lin_perfect_d20_e4/g03/jstable_val/summary.json
lin_perfect_d20_e4,lin_perfect_d20_e4,g03,DCDI-jStable,skeleton,SHD,83.0,,/Users/sridharmahadevan/Downloads/tces-2/runs/synth/lin_perfect_d20_e4/g03/jstable_val/summary.json
lin_perfect_d20_e4,lin_perfect_d20_e4,g02,DCDI-vanilla,directed,SHD,104.0,322.0,/Users/sridharmahadevan/Downloads/tces-2/runs/synth/lin_perfect_d20_e4/g02/vanilla_val/summary.json
lin_perfect_d20_e4,lin_perfect_d20_e4,g02,DCDI-vanilla,directed,F1,0.3681592039800995,322.0,/Users/sridharmahadevan/Downloads/tces-2/runs/synth/lin_perfect_d20_e4/g02/vanilla_val/summary.json
lin_perfect_d20_e4,lin_perfect_d20_e4,g02,DCDI-vanilla,skeleton,SHD,103.0,,/Users/sridharmahadevan/Downloads/tces-2/runs/synth/lin_perfect_d20_e4/g02/vanilla_val/summary.json
lin_perfect_d20_e4,lin_perfect_d20_e4,g02,DCDI-jStable,directed,SHD,78.0,126.0,/Users/sridharmahadevan/Downloads/tces-2/runs/synth/lin_perfect_d20_e4/g02/jstable_val/summary.json
lin_perfect_d20_e4,lin_perfect_d20_e4,g02,DCDI-jStable,directed,F1,0.3398058252427184,126.0,/Users/sridharmahadevan/Downloads/tces-2/runs/synth/lin_perfect_d20_e4/g02/jstable_val/summary.json
lin_perfect_d20_e4,lin_perfect_d20_e4,g02,DCDI-jStable,skeleton,SHD,77.0,,/Users/sridharmahadevan/Downloads/tces-2/runs/synth/lin_perfect_d20_e4/g02/jstable_val/summary.json
lin_perfect_d20_e4,lin_perfect_d20_e4,g05,DCDI-vanilla,directed,SHD,101.0,325.0,/Users/sridharmahadevan/Downloads/tces-2/runs/synth/lin_perfect_d20_e4/g05/vanilla_val/summary.json
lin_perfect_d20_e4,lin_perfect_d20_e4,g05,DCDI-vanilla,directed,F1,0.3703703703703703,325.0,/Users/sridharmahadevan/Downloads/tces-2/runs/synth/lin_perfect_d20_e4/g05/vanilla_val/summary.json
lin_perfect_d20_e4,lin_perfect_d20_e4,g05,DCDI-vanilla,skeleton,SHD,98.0,,/Users/sridharmahadevan/Downloads/tces-2/runs/synth/lin_perfect_d20_e4/g05/vanilla_val/summary.json
lin_perfect_d20_e4,lin_perfect_d20_e4,g05,DCDI-jStable,directed,SHD,81.0,123.0,/Users/sridharmahadevan/Downloads/tces-2/runs/synth/lin_perfect_d20_e4/g05/jstable_val/summary.json
lin_perfect_d20_e4,lin_perfect_d20_e4,g05,DCDI-jStable,directed,F1,0.334975369458128,123.0,/Users/sridharmahadevan/Downloads/tces-2/runs/synth/lin_perfect_d20_e4/g05/jstable_val/summary.json
lin_perfect_d20_e4,lin_perfect_d20_e4,g05,DCDI-jStable,skeleton,SHD,79.0,,/Users/sridharmahadevan/Downloads/tces-2/runs/synth/lin_perfect_d20_e4/g05/jstable_val/summary.json
lin_perfect_d20_e4,lin_perfect_d20_e4,g10,DCDI-vanilla,directed,SHD,113.0,336.0,/Users/sridharmahadevan/Downloads/tces-2/runs/synth/lin_perfect_d20_e4/g10/vanilla_val/summary.json
lin_perfect_d20_e4,lin_perfect_d20_e4,g10,DCDI-vanilla,directed,F1,0.3461538461538461,336.0,/Users/sridharmahadevan/Downloads/tces-2/runs/synth/lin_perfect_d20_e4/g10/vanilla_val/summary.json
lin_perfect_d20_e4,lin_perfect_d20_e4,g10,DCDI-vanilla,skeleton,SHD,106.0,,/Users/sridharmahadevan/Downloads/tces-2/runs/synth/lin_perfect_d20_e4/g10/vanilla_val/summary.json
lin_perfect_d20_e4,lin_perfect_d20_e4,g10,DCDI-jStable,directed,SHD,72.0,126.0,/Users/sridharmahadevan/Downloads/tces-2/runs/synth/lin_perfect_d20_e4/g10/jstable_val/summary.json
lin_perfect_d20_e4,lin_perfect_d20_e4,g10,DCDI-jStable,directed,F1,0.378640776699029,126.0,/Users/sridharmahadevan/Downloads/tces-2/runs/synth/lin_perfect_d20_e4/g10/jstable_val/summary.json
lin_perfect_d20_e4,lin_perfect_d20_e4,g10,DCDI-jStable,skeleton,SHD,70.0,,/Users/sridharmahadevan/Downloads/tces-2/runs/synth/lin_perfect_d20_e4/g10/jstable_val/summary.json
